"states","Appropriateness_of_Display","Automaticity","AvoidanceApproach","Certainty","Complexity","Concreteness","Contagiousness","Familiarity","Frequency","Human_Mind","Intentionality","Morality","Perceptibility","Rationality","Social_Impact","Valence","see.face","hear.tone","hear.other","touch","see.posture","see.other","smell","taste","none","Actionspecificity","Agedependency","Beginning_Abruptness","Competitiveness","Contextspecificity","Cooperation","Differentiated_Experience","Duration","Ending_Abruptness","Intermediacy","Introspective_Value","Learning","Predictability","Simultaneity","Social_Distance","Traitdiagnostic","Traitlikeness","Agency","Experience","High.Arousal","Low.Arousal","Body","Mind","Emotion","Reason","Positive","Negative","Shared","Unique","Social","Non.Social","Warmth","Competence"
"Affection",0.705508240982935,0.117139640313732,1.07615425444485,0.806076346098764,-0.0875173046913618,0.397178304091964,0.600002080864121,0.609669649026776,0.760600331574091,-0.28965008330389,0.461727603730827,0.798845297387314,0.807638018892206,-0.641655884686041,0.637290821065771,1.17558183003652,0.711538461538462,0.788461538461538,0.307692307692308,0.557692307692308,0.730769230769231,0.403846153846154,0.0576923076923077,0.0576923076923077,0,0.586256757389446,-0.158656478650298,-0.177628432517266,-0.367434805397343,0.203396688101334,0.684380114597338,0.116592063069379,0.795721097092062,-0.0725715305044728,0.122939915216607,0.375323145586114,-0.117239838665183,0.323167216525393,0.544765501737305,1.20234679794548,0.625804026786893,0.50793350854516,0.31933,0.78151,0.70992,0.32061,0.456,0.944,0.87903,0.20161,0.95918,0.034014,0.83969,0.23664,0.82927,0.34959,0.8705,0.17266
"Agitation",-0.913924351414965,0.235718008156524,-0.884108784593285,-0.424437286077643,-0.0267336764427019,0.219222299279199,0.526790574694445,-0.385100334611892,-0.114859950804652,-0.483332413140149,-0.755927106459845,-0.634406727442609,0.557753271130437,-0.501350863297317,0.275858355027225,-1.02492092128414,0.807692307692308,0.769230769230769,0.365384615384615,0.0961538461538462,0.711538461538462,0.346153846153846,0,0,0.0192307692307692,-0.278713653543432,-0.39299561929404,0.60359054981594,0.214179339498855,0.187984591810353,-0.40975712673528,0.0377089983813341,-0.512224043300766,0.138793451464923,0.37916594213407,-0.166295152060759,-0.509279461039489,-0.226618423344672,-0.0434151509805817,-0.489781077572313,0.213600968968099,-0.678857849707042,0.29412,0.78151,0.75735,0.19118,0.52,0.872,0.84298,0.22314,0.15385,0.83916,0.77941,0.26471,0.48214,0.6875,0.35115,0.20611
"Alarm",-0.11616032065848,0.363381697711807,-0.808421156441105,-0.107760279669928,-0.374779913912281,-0.0526105890352739,0.808213818453208,-0.347497747382394,-0.610363163952178,-0.786794535784637,-0.518540571154661,-0.269054688419241,0.505418605798831,0.0181952881919111,0.443974970201985,-0.601315857968469,0.826923076923077,0.730769230769231,0.307692307692308,0.115384615384615,0.634615384615385,0.326923076923077,0.0192307692307692,0.0192307692307692,0.0192307692307692,-0.304030699388732,-0.19973885607387,0.999753531348686,0.171324773932872,0.444557761388664,-0.28788044448874,0.0089031180235842,-1.02421170229364,0.967191877310225,0.413047079129636,0.123900335585038,-0.325642617544434,-0.0635759358716486,-0.174642069237863,-0.707447847971706,-0.459763616175055,-0.7795818395334,0.36134,0.76471,0.87407,0.14815,0.54962,0.85496,0.70968,0.41129,0.18841,0.76087,0.81752,0.24818,0.45794,0.66355,0.24031,0.34884
"Anticipation",0.538181886572084,0.19616702937892,0.615645876433579,-0.134731976856009,-0.0343531287177351,0.0359310913229174,0.395593927649247,0.42646078805416,0.467638076756845,0.140498351200935,0.132384487502904,0.299944542045378,-0.0880760816852042,-0.15975454001954,-0.131403161787839,0.475984921817442,0.788461538461538,0.557692307692308,0.25,0.0576923076923077,0.519230769230769,0.153846153846154,0,0,0.0769230769230769,-0.013010750337272,-0.186590054519541,-0.0776588566899653,0.713296972496707,0.383300587877112,0.197844232597706,0.13442793083038,0.398794128767985,0.466075430089911,0.422016638666899,0.30459243541771,0.0210137855225566,0.15190101075412,0.143112652170552,0.332521465382395,-0.406786793006056,-0.246301108820473,0.51261,0.66387,0.78626,0.20611,0.33065,0.94355,0.57018,0.51754,0.60902,0.32331,0.77099,0.27481,0.56604,0.60377,0.32331,0.40602
"Attention",0.86390530809431,-0.714954713015382,0.904974926905707,0.717176662604737,-0.0388328527460052,0.633908015548595,-0.0349127545906821,0.693323133765721,0.849757990138794,0.0723997142430029,0.866236279584677,0.564421957038243,0.324366935550612,0.685710705625118,0.254235543488928,0.655168264329471,0.846153846153846,0.365384615384615,0.25,0.0961538461538462,0.461538461538462,0.365384615384615,0,0,0.0192307692307692,0.123430019468333,0.30410351740984,0.444271609749949,0.743869396748468,0.232972983758669,0.758632995187214,-0.241811239256515,-0.327972442286918,0.531446365754705,-0.149242229692993,0.298926748171445,0.881926819479911,0.449751475015076,0.230235530057644,0.599987384346107,-0.216323527993771,0.254884868393273,0.64754,0.4918,0.77273,0.14394,0.29032,0.94355,0.28205,0.64957,0.75342,0.19178,0.83824,0.20588,0.62037,0.62037,0.22222,0.68889
"Awareness",0.843232137955515,-0.0974540980803633,0.777237483066773,0.795054901474027,-0.0678793786714687,0.16766962502526,0.088597874856842,0.703425399322384,0.660685780038638,0.0232453572819903,0.543439124990505,0.704224338021322,-0.354874410439597,0.789842504874457,0.327794867409966,0.787862427519115,0.653846153846154,0.384615384615385,0.173076923076923,0.115384615384615,0.480769230769231,0.230769230769231,0.0769230769230769,0.0192307692307692,0.211538461538462,0.136862911914007,0.0825551537270279,0.0555768903697243,0.724094415580609,-0.0677126141145418,0.454996833745399,0.110675829886663,0.342646153400898,-0.0845140841227605,-0.240290674562475,0.349914450976427,0.608624794174388,0.465579020990598,0.315470933425672,0.216156850253825,-0.00778366691814659,0.711522655353714,0.625,0.58594,0.72308,0.23077,0.375,0.93333,0.38983,0.58475,0.85211,0.11972,0.77206,0.30882,0.58491,0.65094,0.25926,0.72593
"Awe",0.569159340214547,0.499955809666232,0.762787492283796,0.155691600169902,-0.312874392549776,-0.323361091205598,0.48669421564525,0.123479056828849,-0.201212527449425,0.483017500990722,-0.317655517303307,0.510996184673725,0.22209671526684,-0.503863183371757,0.0437294288189973,0.813402192921743,0.788461538461538,0.692307692307692,0.307692307692308,0.0384615384615385,0.365384615384615,0.25,0,0,0.0384615384615385,-0.152709589122121,-0.147568618830973,0.426548209584306,-0.225071268376301,0.236189035501,0.054702811291299,0.261211648402955,-0.777002923219102,0.32947256210767,0.00895515467568373,0.186829162175295,0.0240679979740832,-0.335888439598313,0.0286655703372083,0.0393052182307619,-0.300282392290817,-0.526507913723778,0.20968,0.83065,0.74074,0.25185,0.14286,0.88889,0.86667,0.175,0.87143,0.1,0.46809,0.59574,0.56481,0.60185,0.62406,0.16541
"Belief",0.589569361608459,-0.321627998520772,0.635006813195511,0.263551497563701,0.335248423087708,0.193806726245287,0.461792020035025,0.47395163574691,0.775849841306576,0.662281265796631,0.694295725153509,0.726561404125554,-0.933212186350091,0.214875665961417,0.418231534535273,0.598791062202672,0.384615384615385,0.384615384615385,0.326923076923077,0.0192307692307692,0.211538461538462,0.153846153846154,0.0192307692307692,0,0.288461538461538,0.0969997846365812,-0.0267840298393554,-0.391363664864679,0.239869602819639,0.115282938319297,0.476084089531668,0.33474760298957,1.26302346267566,-0.174616282697413,-0.009811021632993,0.581223721025948,0.746106727178319,0.191383458427152,0.165900525882317,0.696706814382204,0.313259257429112,0.903608252908002,0.5431,0.51724,0.44444,0.3037,0.092308,0.96154,0.45833,0.625,0.78832,0.15328,0.31579,0.69925,0.53704,0.62963,0.39855,0.49275
"Cognition",0.67195097319363,0.0161488973662207,0.538482331203189,0.696135615175136,0.674595873635042,0.430652613276136,-0.283346520162814,0.0706804513721681,0.532940479864748,0.346462518863968,0.235127021543535,0.585544603996974,-0.877566278090699,0.918144064792869,-0.000502336111740327,0.712419083072716,0.423076923076923,0.326923076923077,0.230769230769231,0.0384615384615385,0.211538461538462,0.173076923076923,0,0,0.346153846153846,0.0862594821196654,0.302356731311505,-0.145279588446597,0.287914246163042,-0.247249510818244,0.282458440329155,0.25064058700155,0.43720742291212,-0.0774326862966216,-0.230654255049852,0.189031568239685,0.981517330616995,0.264365369284656,-0.0105739570155464,0.379843233086526,-0.0959958289350232,0.64156299636538,0.69048,0.34921,0.45802,0.26718,0.14179,0.90299,0.175,0.79167,0.64384,0.10959,0.51515,0.47727,0.30357,0.72321,0.16296,0.75556
"Consciousness",0.752750925992742,0.646843590481864,0.710366941719728,0.713071946541782,0.37362802810496,0.168767769094307,-0.366600557532385,0.422737224345945,0.866353729427565,0.278375926949845,0.0927017205216367,0.497217325599911,0.393895706713173,0.643205243369064,-0.0530383053219384,0.691084538506836,0.75,0.442307692307692,0.346153846153846,0.153846153846154,0.692307692307692,0.480769230769231,0.0576923076923077,0.0576923076923077,0.115384615384615,0.0733174354684365,-0.278993357128276,-0.093821553974656,0.326422215759984,-0.277121725424507,0.483587795955771,-0.106992738773239,0.661868458153542,-0.12881775233499,-0.0572392912735954,0.0471582254911732,0.500927816232604,0.431367215364176,0.368730467742522,0.381101847201477,-0.383164001417954,0.757952969313434,0.528,0.608,0.48062,0.36434,0.22951,0.95082,0.38525,0.62295,0.75,0.13636,0.58647,0.45865,0.44037,0.70642,0.28682,0.68217
"Contemplation",0.555660492973368,-0.509502032036684,0.4778393209031,-0.18285562957061,0.656175491427853,-0.149768474187651,-0.32171809042207,0.316936157412543,0.322414969240649,0.664333043122652,0.676904753860537,0.48057147770695,-0.220625855447111,0.606503144572567,-0.463682711576924,0.445956000768072,0.75,0.519230769230769,0.230769230769231,0.0384615384615385,0.326923076923077,0.192307692307692,0,0,0.0576923076923077,-0.255738534850679,0.272118735422607,-0.54846413277693,0.0707823835422902,-0.254976124347731,0.146407108073666,0.324508342023975,-0.0893156770306835,-0.115587604495046,0.140482897805979,0.32301489633229,0.784439377024755,0.131580880961965,0.182567040187841,0.19179450844505,-0.143826104560031,-0.000900728558875709,0.575,0.51667,0.37121,0.62121,0.10156,0.94531,0.31897,0.76724,0.73381,0.20863,0.34815,0.65185,0.26316,0.85088,0.23134,0.64179
"Craziness",-1.25993248806008,0.421939737936392,-0.926820685908125,-0.905778564230713,0.424287495019555,-0.28954363637776,-0.401081487240515,-0.58994190115781,-1.02966452116782,0.0509988499080461,-0.621506917592851,-0.924264290969087,-0.0944532300658656,-0.630632832648335,0.465898086653191,-1.01668265257085,0.711538461538462,0.692307692307692,0.346153846153846,0.0769230769230769,0.615384615384615,0.461538461538462,0.0384615384615385,0,0.0961538461538462,-0.764442369182547,-0.191630279941027,0.289711059732605,-0.196266769505008,-0.484029828763769,-0.650275096621876,0.703805031631808,0.098494923940084,0.18767706547971,-0.209587618031512,-0.549600133080325,-0.672251559079853,-1.04388021809064,-0.230418467317183,-0.245011560792208,0.37297742486179,0.199753582625198,0.30579,0.7438,0.82812,0.17188,0.28333,0.925,0.70079,0.26772,0.29545,0.81061,0.60294,0.40441,0.48598,0.71028,0.17969,0.28906
"Curiosity",0.756829343046106,0.189431580924713,0.927447468765805,-0.360622539869768,0.297713193337637,-0.229808025434858,0.691170988931717,0.524773069143875,0.724185772710994,0.173718647430861,0.139396057656175,0.404464437692477,0.0481992338670345,0.166296132637048,0.09547566675381,0.79766763551606,0.673076923076923,0.634615384615385,0.288461538461538,0.0384615384615385,0.403846153846154,0.269230769230769,0.0192307692307692,0.0192307692307692,0.0384615384615385,-0.0528123324941963,-0.0831925376881446,0.448873347302623,-0.0449667746862276,-0.264149900781872,0.400061240276506,0.555430993165852,-0.164392787782124,0.544684035603638,0.0637033642886548,0.427661385271638,0.911790244365498,0.0452915019534948,0.487609220741345,-0.104162081412994,0.149387365026033,0.407195392741566,0.42063,0.70635,0.75373,0.26119,0.11382,0.93496,0.56557,0.53279,0.85185,0.22963,0.82707,0.24812,0.62281,0.65789,0.45312,0.57031
"Decision",0.71756185889801,-0.876707736876829,0.64050816859885,0.896498608560222,0.416761126410886,0.381372452944871,-0.262364332393253,0.573112953334705,0.819798233744817,0.437054711094509,0.877145268913954,0.444758516194192,-0.878686791462949,1.08372552493176,0.659890350191815,0.590181753077483,0.480769230769231,0.423076923076923,0.307692307692308,0,0.269230769230769,0.153846153846154,0,0,0.307692307692308,0.293340695316785,0.335135821401724,0.366335141689,0.589961644980968,0.38662946153945,0.666480050792242,0.382651400352151,-0.344802512506566,0.585844600696161,-0.0541815831377863,0.535965185573102,0.859869245495723,0.240421935267175,-0.223937745109803,0.338116389137726,0.0198461729435369,0.474118820362828,0.79528,0.33071,0.49612,0.28682,0.14062,0.92188,0.17213,0.86885,0.68794,0.19858,0.63846,0.37692,0.58333,0.66667,0.12214,0.79389
"Desire",-0.086200564392566,0.440561090422153,0.800268930159471,0.553503411727481,-0.352378190283042,-0.0773256206042556,0.41666540623396,0.393665113341056,0.454655620639427,-0.30015817176776,-0.130873739412403,-0.071225705134908,0.26056982873942,-0.728068769933425,0.3715884706969,0.58735565616531,0.730769230769231,0.711538461538462,0.288461538461538,0.288461538461538,0.634615384615385,0.365384615384615,0.0961538461538462,0.0769230769230769,0.0384615384615385,0.204013759197898,0.0357957427374875,0.647587344937394,0.393327088806946,0.427829842802554,0.264498659047581,0.267734968198333,0.215174702547287,0.343280713144188,0.274730906106328,0.296168887724821,-0.200004777050382,0.0994229392993034,0.3492423761274,0.821760444126968,0.145345492011062,-0.0857652193228135,0.39167,0.81667,0.88235,0.10294,0.54545,0.84298,0.88136,0.23729,0.87755,0.26531,0.74074,0.31852,0.7193,0.52632,0.70922,0.20567
"Disarray",-1.06734048063409,0.0144529182419949,-0.997516279299003,-1.10163099623049,-0.0380268559079154,-0.157859717478278,-0.200357907902124,-0.801439209360295,-0.772263661932809,-0.231689044917144,-0.496720780196211,-0.963239641325449,-0.056867605878653,-0.0433322493571063,-0.161301917279593,-1.03433198390456,0.557692307692308,0.365384615384615,0.211538461538462,0.0384615384615385,0.442307692307692,0.423076923076923,0.0576923076923077,0,0.134615384615385,-0.559139159441801,-0.241162985032143,0.133891405119618,-0.429739964675815,-0.416892597140491,-0.708802505902096,-0.211882785531195,0.034523484423477,-0.0500210252788665,0.036572045456915,-0.805900360940391,-0.588969579579261,-0.41092765535237,-0.241497185460362,-0.644509765792673,-0.109297946053207,-0.392613304142975,0.32759,0.61207,0.44186,0.41085,0.33871,0.78226,0.46667,0.34167,0.041379,0.88276,0.43972,0.52482,0.33913,0.58261,0.15909,0.40152
"Disgust",-0.925514132179123,0.435014775379783,-1.23937316997815,-0.0893298397747612,-0.422240315922018,0.371428066333385,0.302100433398331,-0.195736738947497,-0.522697697073936,0.293000036648465,-0.613400889757731,-0.841173418356784,0.588030454158602,-0.656989016516809,-0.293144680771789,-1.23872678890133,0.903846153846154,0.692307692307692,0.346153846153846,0.153846153846154,0.576923076923077,0.307692307692308,0.173076923076923,0.153846153846154,0,-0.117060837929027,-0.250005689619035,0.737433172209965,-0.335394777721588,0.294778001468717,-0.724143419534881,-0.150149239497979,-0.839424577154167,0.293519070511125,0.0564777244126392,-0.350490087129848,-0.595534531023777,0.107744064304771,-0.188998170061755,-0.795794538242235,-0.00918974444388181,-0.70298370076821,0.21875,0.79688,0.67407,0.31852,0.34959,0.9187,0.87395,0.2437,0.02069,0.97241,0.50769,0.47692,0.52252,0.68468,0.38931,0.15267
"Distrust",-0.738463449298019,0.055960343352435,-1.09614593417324,-1.04749156768514,0.0541531707491529,-0.169631557895442,0.335179068509111,-0.106862712036634,-0.248174312743201,0.189066827824882,-0.238914743525937,-0.801394268187137,-0.157221693586869,0.0520132105260182,0.194274428718262,-1.11369079920294,0.75,0.865384615384615,0.307692307692308,0.0384615384615385,0.557692307692308,0.326923076923077,0,0,0.0576923076923077,-0.204132988083097,0.207398149821589,0.140596916327715,0.0476939215248608,-0.118036110971216,-0.678861970488731,-0.0646243407116967,0.361384022464614,-0.133348616495841,0.058686739552012,-0.384369751112243,-0.208178120664383,-0.355806000631862,-0.216416550328684,-1.2593787469985,0.0781738195444699,0.173173479845092,0.416,0.672,0.48889,0.39259,0.13115,0.91803,0.71186,0.50847,0.047945,0.94521,0.69173,0.30827,0.67593,0.53704,0.37313,0.30597
"Dominance",-0.617298509245997,-0.672089554477927,0.0470518911196993,0.616251983672997,0.205430787741498,0.422078004677741,-0.495534315210497,-0.256956495647194,-0.397904301113398,-0.515239195995678,0.394368381557209,-0.615701809162836,0.146024614772059,0.338126073631355,0.780927492852138,-0.292976176939147,0.653846153846154,0.788461538461538,0.230769230769231,0.173076923076923,0.826923076923077,0.25,0,0,0.0192307692307692,0.125569857470535,0.291153671630766,0.0724804313349958,0.707303716800328,-0.0877334486016549,-0.252682401365497,-0.04337596052292,0.504287942692057,0.000581443877271414,-0.408632685078378,-0.0621082169157271,0.00638715086722904,0.161250532414198,-0.147980563913849,-0.327129349110184,0.493537060484013,0.56558561868339,0.5873,0.46825,0.72581,0.17742,0.45,0.79167,0.37815,0.46218,0.37143,0.52143,0.88148,0.20741,0.81579,0.32456,0.21094,0.57812
"Drunkenness",-1.60123266664263,-0.849350758129513,-0.981917839683787,-0.662051560476098,-0.550819698572416,0.649183958645112,-0.574176294583684,-0.661992652684247,-1.04168568938126,-0.628317712967303,0.404458795888319,-1.84416572629515,1.05610042290116,-0.127823505723716,0.180634400732713,-1.30973655657955,0.788461538461538,0.769230769230769,0.461538461538462,0.153846153846154,0.923076923076923,0.519230769230769,0.692307692307692,0.134615384615385,0.0192307692307692,-0.649507384355581,0.0278721538578513,-0.349776833424466,-0.976184513202002,0.190231454344981,-0.703555303372066,-0.393615452892638,-0.338732224300408,-0.57422725946883,-0.105027000881376,-0.883470779693477,-0.819820452990686,0.159172053652251,-0.468244367113184,-0.452688805640287,-0.089459553924624,-1.12469961785237,0.3254,0.70635,0.47692,0.48462,0.87705,0.72951,0.34167,0.30833,0.20805,0.79195,0.34286,0.65,0.58036,0.58036,0.21739,0.32609
"Earnestness",0.665381578198283,-0.216098532380153,0.631593514689894,0.411700877170659,-0.122697274781556,-0.14038486646219,-0.139944262742483,-0.393749846478816,0.030096702091565,0.239466765833482,0.448201852726719,0.629561038239838,-0.464834718813254,0.0220340286299356,0.0139586330170706,0.712708724393568,0.557692307692308,0.673076923076923,0.25,0,0.403846153846154,0.192307692307692,0,0,0.134615384615385,0.320082089694528,-0.126310482479827,0.21091129597574,0.201300693911031,0.0166091686497832,0.320332157178249,-0.077803381953326,0.321639053275513,-0.0626383606690756,-0.28538637264954,0.202728032998521,0.205025510509563,0.126269203297056,0.237126026259415,0.474560529603326,0.245826463047786,0.561501573901011,0.408,0.608,0.5122,0.3252,0.15625,0.89062,0.60504,0.36975,0.82734,0.071942,0.32283,0.66142,0.57391,0.50435,0.55303,0.43939
"Ecstasy",-0.336913128855163,0.355924230866915,0.703196526090202,0.157951399162781,0.137467770613102,-0.328539206118072,-0.195301855270922,-0.132712498811758,-0.953865919241796,-0.174754807025111,-0.144689482816115,-0.213000883544336,0.579632573914558,-0.84979867012205,0.216670203663023,0.86863000369685,0.846153846153846,0.673076923076923,0.269230769230769,0.25,0.634615384615385,0.403846153846154,0.134615384615385,0.0576923076923077,0.0576923076923077,-0.151598050683347,0.231050181394619,0.486541539872067,-0.175386216004676,0.26404178495916,-0.152741402812921,0.484152208485631,-0.802148812315795,0.388417568270397,0.300829651524687,-0.116815166515074,-0.53045836707917,-0.277319845826713,-0.177469087352978,0.690235691998725,-0.0679376687712315,-0.953970275745432,0.19531,0.84375,0.9,0.076923,0.53488,0.89922,0.90244,0.12195,0.88889,0.10417,0.48507,0.55224,0.60833,0.63333,0.71642,0.1194
"Embarrassment",-0.507103232316642,0.688483457540491,-0.998732173778277,-0.259382524685674,-0.251244837009786,-0.0230342372071099,-0.216195075996753,-0.125225559973667,-0.495538286431139,0.433086048940232,-1.05024915704824,-0.195895116821088,0.53776118623758,-0.945623295222991,-0.507742734752414,-1.09190662523718,0.903846153846154,0.615384615384615,0.230769230769231,0.0769230769230769,0.557692307692308,0.384615384615385,0.0192307692307692,0,0.0192307692307692,-0.0893640973656613,0.0298765037738045,0.792386740246267,-0.208653226998574,0.278974756375937,-0.507514687262639,-0.0367149401163484,-0.659201679240171,0.0140947751929482,0.159834832315196,0.0254493943225481,-0.429498404715573,-0.128594219083403,-0.176035373642142,-0.605924455835751,0.135387018894806,-0.594416804562327,0.12598,0.87402,0.70769,0.26154,0.3254,0.94444,0.896,0.192,0.14865,0.86486,0.40441,0.625,0.71171,0.48649,0.36585,0.25203
"Exaltation",0.140193015895424,0.0457637653909407,0.440091729858281,0.167423276484504,0.386251426345153,0.063466483739543,-0.285181412216721,-0.727548746478421,-0.889218094103865,0.168980883797272,0.2353036009036,-0.00255688968927287,-0.138355925295108,-0.159081062267586,0.421994786347166,0.597107058683746,0.673076923076923,0.692307692307692,0.25,0.0769230769230769,0.480769230769231,0.25,0,0,0.115384615384615,-0.0341758606680312,0.0158874567965991,0.427716426191857,0.138838291127187,0.515032024037534,0.170593569541358,0.180852055443836,-0.277584437568328,0.238782286284084,-0.0281755606468929,-0.105735395577494,0.0285866662919745,-0.485993917184973,0.0111928482787773,0.19819010399038,-0.0185825469467462,-0.19326370154908,0.19008,0.68595,0.66935,0.20161,0.40323,0.72581,0.69027,0.25664,0.7218,0.15038,0.34615,0.63846,0.51887,0.57547,0.54198,0.22901
"Exhaustion",-0.368971213770124,0.662222167549141,-0.715745702446219,0.0892088538287354,-0.371064361084058,0.618470274125515,-0.235676772647082,0.0569680312763996,-0.110201293480915,-1.57462307418624,-0.505480649417781,-0.108824089653081,0.607071800387307,-0.117210470359962,-0.686205363222732,-1.00153184654129,0.75,0.692307692307692,0.269230769230769,0.0961538461538462,0.903846153846154,0.442307692307692,0.0384615384615385,0,0.0192307692307692,0.377961876848048,-0.135570242985758,-0.405189390842533,0.25705574842764,-0.0808286827039162,-0.240028503615093,-0.753094260286552,0.0414363615377873,-0.335769771362374,0.274344639008287,-0.640323124445926,-0.676597178553862,0.376448601071101,-0.26695661487545,-0.186842831723515,-0.808010213486867,-0.849066668143239,0.2605,0.7563,0.28244,0.71756,0.7907,0.78295,0.55085,0.27966,0.15541,0.7973,0.86861,0.20438,0.26271,0.76271,0.21212,0.29545
"Fatigue",-0.525627782504367,0.798501825820144,-1.02520469928117,0.117990219649774,-0.723403661012293,0.641036880755409,-0.387622047197239,-0.0276966827875903,0.000952904305815466,-1.60905953297766,-0.936937582620813,-0.337721794487521,0.608580125796092,-0.0181822633948572,-0.883698383172397,-1.01078955887504,0.711538461538462,0.673076923076923,0.211538461538462,0.153846153846154,0.903846153846154,0.326923076923077,0.0192307692307692,0,0,0.305945143420292,-0.0374662909307582,-0.706377097385527,0.050097455959807,-0.112385615897644,-0.57462558081664,-0.781692161760605,0.100035557407568,-0.370927781802678,0.200288273252213,-0.790478323976407,-0.749200861474173,0.206338606663462,-0.276994080955026,-0.287573089075329,-0.727637576191644,-0.78037443522875,0.23077,0.75385,0.10687,0.8626,0.83607,0.65574,0.47107,0.26446,0.098592,0.80282,0.82836,0.23881,0.26957,0.75652,0.20896,0.26866
"Friendliness",1.06248326904961,-0.443177493406463,1.05161997504428,0.632690184718657,-0.415013496277007,0.470457238267763,0.80038051554929,0.657979757253772,0.779483644819755,0.151891181497215,0.611076844932245,0.950178391379453,0.719096276426615,-0.0975841083450817,1.00803096469558,1.1511735068147,0.865384615384615,0.826923076923077,0.403846153846154,0.230769230769231,0.692307692307692,0.326923076923077,0,0,0.0192307692307692,0.530710307130448,-0.293992548269275,0.0256335204264207,0.00247830505103698,-0.098929995744761,1.07120741301198,-0.115125859357834,0.635495866989368,-0.100309899878893,-0.011447223842181,0.373868464354395,-0.0854319146952032,0.711409161799284,0.451092777813609,0.973225524876213,0.742636841037241,0.880119068718413,0.41085,0.71318,0.6,0.31538,0.32787,0.90984,0.68376,0.24786,1,0.0068966,0.79412,0.27206,0.91743,0.26606,0.88889,0.20833
"Imagination",0.790741341050151,0.131829746773138,0.728652843768708,-0.129341898265894,0.658782980871882,-0.724022243272992,-0.253792030973938,0.535931101097909,0.598875350603636,0.779759475106348,0.437236502982761,0.39191075229431,-1.15211176614357,-0.192548039517428,0.204501814451896,0.844851392919718,0.423076923076923,0.365384615384615,0.269230769230769,0.0384615384615385,0.192307692307692,0.173076923076923,0.0192307692307692,0.0192307692307692,0.365384615384615,-0.619662220206653,-0.212443361676079,0.105198547997682,0.25596571328605,-0.359517950095384,0.330174794575469,0.974667401944959,-0.028801649202365,0.126363854513469,-0.0464675549326889,0.582641714735316,0.698248814819526,-0.512922532716844,0.441569937318979,0.34986564925054,0.239097368959033,0.702675618294384,0.488,0.608,0.65625,0.21875,0.096774,0.98387,0.5,0.41228,0.87857,0.078571,0.29851,0.72388,0.39091,0.81818,0.50769,0.56154
"Insanity",-1.57990446678221,0.819402981194873,-1.14190459265613,-1.22507927070314,0.614393335889312,-0.454895721885848,-0.988487414122914,-0.858195649022994,-1.50588130371993,0.429170600413499,-1.08372504878424,-1.06817825422342,-0.0659979644013065,-0.681727952174702,0.401837849846907,-1.36399884319937,0.634615384615385,0.653846153846154,0.5,0.115384615384615,0.538461538461538,0.461538461538462,0.0192307692307692,0,0.115384615384615,-0.569501036873901,-0.32995931681397,-0.132763843805568,-0.667861721452732,-0.550652240836408,-0.959696020925633,0.439635339878255,0.832901917100462,-0.0651513618625229,-0.421449323001007,-0.399336677686233,-0.617520228376205,-1.19361283477108,-0.578654147891951,-0.698163734617855,0.44617093057625,0.130380255801813,0.21951,0.70732,0.77444,0.18045,0.25806,0.91935,0.59483,0.34483,0.067114,0.85906,0.48855,0.51145,0.32203,0.71186,0.19259,0.33333
"Inspiration",0.908910970448845,0.411419679599267,0.91834131459514,0.450379080489782,0.206893099370759,-0.312540767375944,0.471134122053774,0.283551884220212,0.25618379101454,0.657825272658738,-0.0105133802047812,0.751627556238614,-0.317321348578477,-0.175054617549992,0.397934555965915,0.974849574185475,0.596153846153846,0.576923076923077,0.153846153846154,0.0192307692307692,0.346153846153846,0.25,0.0192307692307692,0,0.173076923076923,-0.107346991593492,0.171722410065988,0.513866281114044,0.248196902545025,0.164708968129125,0.474319966239063,0.563228515195584,0.0377080646251908,0.113957421360314,0.204943053903422,0.564245991774441,0.645202060862059,-0.114447067063345,0.307611359421911,0.690775077016499,0.0610277516319194,0.0378687738554485,0.37398,0.70732,0.77444,0.13534,0.098361,0.95902,0.63934,0.48361,0.92517,0.054422,0.27612,0.74627,0.56637,0.67257,0.64122,0.45038
"Intrigue",0.519510859586432,0.232528781740709,0.65752232287272,-0.416574320933519,0.431295835750009,-0.421823027310947,0.129717993948193,-0.170510950395527,-0.248985584321508,0.350959569014249,-0.177520907216677,0.0599045507637705,-0.250521173156969,0.0901416348183615,0.0594572460891321,0.573250719612031,0.730769230769231,0.576923076923077,0.25,0.0961538461538462,0.365384615384615,0.230769230769231,0.0192307692307692,0,0.0961538461538462,-0.302017228952333,-0.0655849992145278,0.330851737443694,0.123440563946339,0.0406876026967357,0.228227588259028,0.356752323084389,-0.434919942933389,0.279409293727994,0.318502206912526,0.260889909265638,0.566149865936056,-0.0983031003551689,0.241926061452048,-0.26647708177249,0.161031583571411,-0.214386164981237,0.45378,0.60504,0.70677,0.24812,0.1371,0.91129,0.56557,0.54098,0.84,0.13333,0.53175,0.50794,0.61818,0.60909,0.42029,0.3913
"Judgment",0.172201809969622,-0.443598895554544,-0.084664138926686,0.388057018480683,0.518995344999212,0.0165119916700836,0.410340828952348,0.318242039513628,0.51783100479548,0.688977760090667,0.742334057156729,0.163410866787156,-0.396296630269135,0.609825804548302,0.822377774316862,-0.0443626536259446,0.692307692307692,0.557692307692308,0.25,0.0192307692307692,0.288461538461538,0.211538461538462,0,0.0192307692307692,0.173076923076923,-0.12438321477564,0.659357644747414,0.355902220050497,0.585857444516547,0.40751823478043,0.370944367857586,0.277732389820613,0.0226850035983694,0.484191400537654,0.00625217880128498,0.572907922279971,0.72383449361114,0.0385345982813208,-0.0495668579578346,-0.415112098577398,0.395943679969732,0.578040303064339,0.65354,0.4252,0.52756,0.33858,0.075,0.95,0.32479,0.80342,0.34266,0.72028,0.40945,0.62205,0.72222,0.4537,0.20896,0.68657
"Laziness",-1.12833599350944,-0.520060835758946,-1.07142799038323,-0.341196382121057,-0.612011253923958,0.035319725389025,0.023579307574865,-0.38304417263643,-0.318551666382055,-0.618076619935448,0.306820186400687,-1.1987286106123,0.203779137447703,-0.0709722907270893,-0.61490159412938,-1.14589243063359,0.288461538461538,0.346153846153846,0.134615384615385,0.0384615384615385,0.788461538461538,0.211538461538462,0.0384615384615385,0,0.0961538461538462,0.26806684958722,-0.460097254667347,-0.832863265407636,-1.09248457018476,-0.519059546634752,-0.866137966053066,-0.638437183476482,0.247237358999825,-0.467492604055157,-0.29153252544801,-0.923303847251981,-0.85499872075239,-0.0215636153477354,-0.25656973072749,-0.141022837374015,0.101689384824674,0.0647177026931178,0.32787,0.64754,0.065693,0.86131,0.74797,0.77236,0.52778,0.21296,0.057971,0.86957,0.77037,0.25926,0.29358,0.80734,0.22059,0.45588
"Lethargy",-0.977092824331409,0.15553820682284,-0.958610401816973,-0.375366462651602,-0.34699758899424,-0.0542267324022991,-0.301833850650479,-0.61044314406733,-0.791496600658552,-1.14041476517578,-0.912679549092757,-0.822902517026472,0.301068770393057,-0.102240476416658,-0.925073784004706,-0.873842972384103,0.711538461538462,0.596153846153846,0.307692307692308,0.0961538461538462,0.826923076923077,0.307692307692308,0,0,0.0384615384615385,0.0864228615963529,-0.388121206528026,-0.732026296914221,-0.714535223319094,-0.358345668473744,-0.730644652571637,-0.650785652025238,0.142295102234696,-0.699920482030394,-0.284781356658331,-0.656963515470012,-0.84917385275927,-0.229579433493349,-0.336778249543915,-0.513094219890253,-0.429944482009409,-0.781729161338208,0.30645,0.77419,0.11364,0.79545,0.7907,0.65116,0.54918,0.2623,0.035714,0.80714,0.73077,0.29231,0.13393,0.76786,0.20968,0.33871
"Lust",-1.16434048945904,0.335758728323232,0.0521131071573862,0.0687230932709823,-0.641501773208893,-0.0288083970402938,0.162292840719532,-0.227538830230711,-0.142279432647652,-0.809430668523226,-0.345256643279449,-1.03575051259049,0.383229860843893,-0.661062278811416,0.234997865894864,-0.235727231958321,0.807692307692308,0.692307692307692,0.211538461538462,0.326923076923077,0.826923076923077,0.384615384615385,0.0769230769230769,0.0576923076923077,0.0192307692307692,0.000819140575170264,0.393629904559144,0.654097761809193,-0.29582238463453,0.371296110021596,-0.267169967936947,-0.275196551883999,-0.135384631632979,0.511749582733267,-0.0484149921753597,-0.455978433027234,-0.734532650568748,-0.203101188844779,-0.00828521552828147,0.145855949141006,0.202528257696617,-0.426527166440669,0.37692,0.78462,0.85821,0.11194,0.7541,0.7623,0.87705,0.07377,0.49645,0.60993,0.624,0.408,0.81356,0.32203,0.59559,0.13235
"Nervousness",-0.639853949827986,0.548439392933215,-0.913407910088078,-0.816515047571703,-0.051564923230075,-0.135651343395979,0.173498170161069,-0.0793232907599587,-0.0121122871912999,-0.0806520812698624,-0.983430722083023,-0.209513836727276,0.514402347196152,-0.579970652307912,-0.333516654163316,-0.884924265310224,0.788461538461538,0.769230769230769,0.307692307692308,0.0769230769230769,0.807692307692308,0.365384615384615,0.0384615384615385,0,0.0192307692307692,-0.271070615733004,-0.137452459718827,-0.0280581117175298,0.272045090173536,-0.14206362142388,-0.320466938549974,-0.242340475430271,-0.498237600257516,0.00384664096417977,0.363814754132943,-0.171774905551499,-0.613409706449617,-0.079497913889664,0.0357566744890278,-0.941643883120409,0.113166980520843,-0.335942973021384,0.26016,0.79675,0.68182,0.2803,0.53906,0.96094,0.8843,0.22314,0.17241,0.91724,0.75194,0.31008,0.54545,0.7,0.32847,0.33577
"Objectivity",0.645583606584435,-0.484451478168415,0.454045580345261,0.572600032983439,0.247440707621872,0.313728087834266,-0.0919429015940261,0.324450204239521,0.248758037427238,0.485560360032825,0.541471300269966,0.531345925802597,-0.849941998521254,1.10166350848792,0.139312546180803,0.603805091695905,0.269230769230769,0.442307692307692,0.326923076923077,0.0192307692307692,0.25,0.211538461538462,0,0,0.288461538461538,0.245565195055402,0.484556535270132,-0.157964192905626,0.122110993667383,0.089348805140858,0.392759196625043,-0.180049191179347,0.0176668580001916,-0.0568009878387397,-0.078960475487556,0.296584687292861,0.77671518915473,-0.0846051751717854,-0.0781624787972594,-0.119122372759033,0.190084575924436,0.682755176547981,0.61667,0.425,0.31884,0.4058,0.11017,0.81356,0.1626,0.81301,0.4698,0.2953,0.28455,0.63415,0.4486,0.65421,0.13077,0.79231
"Opinion",0.506451965171948,-0.534002619971464,0.392227474405592,0.0859678760925582,0.194257708485994,-0.0185283661294754,0.450450232786104,0.675653644925494,0.883560305939095,0.755414226689821,0.824943680581132,0.42908154752357,-0.487236115632482,0.370002242717965,0.375213633569096,0.415283086335348,0.230769230769231,0.519230769230769,0.365384615384615,0.0192307692307692,0.115384615384615,0.0961538461538462,0.0192307692307692,0.0192307692307692,0.25,-0.168472695066516,0.395161585107294,0.025596342904951,0.373574382435772,0.025354590773231,0.564044079627724,0.420140067531626,0.240354347109813,0.109079927571761,-0.160795623529305,0.676420267708181,0.725360292855871,-0.287406070159979,0.0985101441636271,0.352953601150893,0.073116524393523,0.360646409717183,0.70492,0.34426,0.41221,0.23664,0.104,0.936,0.288,0.792,0.6338,0.40141,0.28346,0.77165,0.59664,0.55462,0.21014,0.63043
"Patience",0.991319655110234,-0.710122063615624,0.836323810668852,0.476481051888666,-0.291567672750763,0.139315265490935,-0.19308887138743,0.418904201007212,0.205705287378444,0.246284934296484,0.763850077365829,0.922849508604309,-0.146700894839533,0.522907495370215,0.0470116888962664,0.934407324079076,0.596153846153846,0.653846153846154,0.25,0.0576923076923077,0.538461538461538,0.288461538461538,0,0,0.115384615384615,0.422851782921647,0.412827119178934,-0.661563776526163,-0.30473361191683,-0.0763836738848665,0.69555956565825,-0.117733500289853,0.211397351563452,-0.488962026716157,-0.432453417303966,0.462146142140829,0.467826744279853,0.309943797609389,0.291814611795457,0.40939509145747,0.448887262793144,0.76233889624755,0.44538,0.65546,0.27907,0.64341,0.1811,0.94488,0.5,0.53226,0.85906,0.11409,0.57031,0.47656,0.57265,0.7094,0.57037,0.40741
"Peacefulness",0.952084950150291,0.0312064753053652,0.829668533597707,0.66469332916124,-0.657794268529627,-0.00637743682748908,0.48610736715832,0.501806167482308,0.285292516612906,0.0610590303475209,0.220413118718857,0.92831000862066,0.281047465759947,-0.334549658018276,-0.0835644268022993,1.07093056270405,0.826923076923077,0.653846153846154,0.288461538461538,0.0961538461538462,0.653846153846154,0.365384615384615,0.0769230769230769,0.0192307692307692,0,0.343040354545801,0.0679332563498257,-0.32686532524425,-0.59589834999991,-0.126701509636212,0.418328248920192,-0.185872616716585,0.171737626096046,-0.13212693561962,-0.142868716530139,0.415629685168876,-0.188536917133932,0.556795078242129,0.188136830481668,0.745707205781525,0.367824552490335,0.403424729588905,0.22764,0.82114,0.28148,0.68889,0.33333,0.95349,0.79032,0.22581,0.93197,0.054422,0.73881,0.32836,0.42857,0.77679,0.78417,0.2518
"Pensiveness",-0.162700964361331,-0.269220594553197,-0.220461008997945,-0.600015889950921,0.313811750880806,-0.526943608972265,-0.455603884670577,-0.881867837009536,-0.403106819769938,0.166069450927402,0.00780524820013929,-0.025638516224825,-0.523436802788921,0.0122921398246979,-0.345343042253077,-0.113314496645058,0.807692307692308,0.384615384615385,0.153846153846154,0.0192307692307692,0.384615384615385,0.230769230769231,0,0,0.0961538461538462,-0.149026268748,-0.143383704724637,-0.352302075399953,-0.335920028242385,-0.131633206918857,-0.117483270698758,0.0155861574205104,-0.321889469824801,-0.214293206466584,0.10413091951654,-0.145484098387387,0.0755835572787713,-0.219980389712897,-0.129343283409433,-0.357482831080411,-0.000299728640196958,-0.110535098294499,0.40833,0.625,0.28571,0.64286,0.1405,0.91736,0.46552,0.53448,0.55862,0.28276,0.31298,0.66412,0.22124,0.78761,0.27273,0.60606
"Pity",-0.413816605276147,0.0287719755338284,-0.75358540766104,-0.228633838239052,-0.285951614178981,-0.246779371515991,0.0423360214207803,-0.240505278093809,-0.534397347396164,0.309588014401498,-0.217153324523068,-0.174774479593445,-0.0218777190798434,-0.606285364102877,-0.504559993074136,-0.593061234617224,0.730769230769231,0.730769230769231,0.269230769230769,0.0192307692307692,0.288461538461538,0.192307692307692,0,0,0.0384615384615385,0.181719973592796,0.124164404403066,0.179548794971141,-0.66331694159214,0.298992316816914,-0.427168515202936,-0.114174416486022,-0.308345828835889,-0.00316554928932527,0.135558564954036,-0.172488372690172,-0.470558971564737,0.102435292365766,0.0662363378217684,-0.390082057077029,0.0379878092242633,-0.508603885299672,0.304,0.76,0.28261,0.54348,0.15447,0.91057,0.88095,0.22222,0.19178,0.73973,0.28906,0.6875,0.68421,0.54386,0.55556,0.17778
"Planning",0.952494211113778,-1.24478929853498,0.682950068971696,0.716356893332739,0.683541832852448,0.325455100802937,-0.404369469319006,0.538127896297192,0.716195851936082,0.460963047980058,1.14735503783854,0.688201448409638,-1.01309401545281,1.23178168588549,0.382623815776444,0.747189379126439,0.346153846153846,0.230769230769231,0.269230769230769,0.0384615384615385,0.192307692307692,0.230769230769231,0,0.0192307692307692,0.384615384615385,0.459563472838815,0.564262267251775,-0.521441067779769,0.690648363214728,0.36570341822789,0.939188046607083,0.0528000564200712,0.74385937375264,0.194288211805984,0.083898332433314,0.292410407268073,0.994840867166435,0.621404388131747,-0.187744776874785,0.295203895139882,0.173544037057573,0.434269130718801,0.79839,0.24194,0.43411,0.27907,0.11382,0.87805,0.12097,0.84677,0.62329,0.19178,0.40769,0.58462,0.59459,0.65766,0.10687,0.77863
"Playfulness",0.422823084115467,-0.00102660051403898,0.771460388092245,0.406184352985647,-0.538401516980357,0.186600738365193,0.755390628227882,0.355448747172303,0.361374487051569,-0.644916409495417,0.561208026361318,0.532871790643176,0.686804323507214,-0.34440249674006,0.427717309701018,0.995528407439793,0.807692307692308,0.75,0.384615384615385,0.307692307692308,0.730769230769231,0.365384615384615,0,0,0,0.129046428822595,0.134743373068867,0.431726038981368,0.249404047337879,-0.0208492803872913,0.605045666290543,0.193865794331722,-0.236105410706027,0.234271709082352,-0.0457202409790501,0.198675836160663,-0.367022944104479,0.210516238584911,0.5044508256443,0.784995748181347,0.455666837784311,0.269385482844279,0.28333,0.7,0.78986,0.18116,0.424,0.88,0.70079,0.23622,0.93103,0.055172,0.85816,0.22695,0.81651,0.40367,0.74286,0.20714
"Reason",0.820331280336109,-0.420483163298188,0.787933664262715,0.68148133437003,0.338726080598783,0.306949382777738,-0.20868790534114,0.458022819944182,0.569461944257787,0.666115611130697,0.735522458494735,0.760349039635509,-0.95562732356366,1.11002862092165,0.37919375888893,0.67273071133995,0.307692307692308,0.403846153846154,0.365384615384615,0.0192307692307692,0.230769230769231,0.211538461538462,0.0192307692307692,0.0192307692307692,0.288461538461538,0.225387113424512,0.501777368712892,-0.096828701216358,0.395697016845312,0.122822300616303,0.791208511939219,0.104573338680289,0.257699647765045,0.00926706424032281,-0.0285102527891004,0.606722628383689,1.04303548413093,0.316778664245861,-0.0272200639920575,0.460612539724832,0.169734789697581,0.835950661457753,0.67717,0.33071,0.31008,0.31783,0.082645,0.92562,0.16529,0.87603,0.75862,0.14483,0.31818,0.68182,0.3913,0.66957,0.17647,0.73529
"Relaxation",0.775004740405965,-0.372339936066242,0.810737330192173,0.584211252063216,-0.749907366423005,0.123975987166795,-0.0867732639982449,0.445225722185576,0.357878823639298,-0.62281100894715,0.505830625284943,0.619546138530963,0.464386425964884,-0.117845823851027,-0.449479646440738,1.00726747121335,0.673076923076923,0.557692307692308,0.230769230769231,0.173076923076923,0.865384615384615,0.384615384615385,0.0192307692307692,0.0192307692307692,0.0192307692307692,0.534363472010552,-0.43178873608577,-0.429314284633057,-0.736523060666619,-0.133385246684039,0.174332065522757,-0.205482355078264,0.0266026245937296,-0.357154757966111,-0.0287290690773212,-0.00661030950090804,-0.198433034504696,0.503130240928069,0.151823629793953,0.87432908154138,-0.566456647140657,-0.258924087353206,0.32283,0.73228,0.18519,0.77778,0.752,0.88,0.62832,0.27434,0.92568,0.060811,0.82443,0.26718,0.51667,0.78333,0.69231,0.20769
"Satisfaction",0.762034687579764,-0.0222728220036943,0.974961437124687,0.724437635882102,-0.263078001832983,0.313576005122229,0.056245222595814,0.546776538919229,0.504406456292409,-0.161246994334592,0.414376560351258,0.568139020647104,0.342848181236061,-0.176677229231943,0.344364801849742,1.05132678863756,0.826923076923077,0.634615384615385,0.269230769230769,0.115384615384615,0.403846153846154,0.211538461538462,0.153846153846154,0.134615384615385,0.0384615384615385,0.357104979184007,-0.107487614028524,0.0775748409770271,0.602303048909273,0.112999408555541,0.769848937468142,0.250257976085727,0.242424663285862,0.127217193843573,0.208198293196404,0.366091764880769,0.132661800919792,0.286338698953284,0.366873371623555,0.758378305186479,-0.215595544160517,-0.0418931997946518,0.37008,0.77953,0.56391,0.3985,0.40945,0.90551,0.79339,0.38017,0.9404,0.07947,0.7554,0.29496,0.62931,0.74138,0.65909,0.45455
"SelfConsciousness",0.0867613875223422,0.0123231296101802,-0.0127951539101912,0.30581466993693,0.370224628113456,-0.191690007869931,-0.24224870997856,0.0840457526428706,0.28152920578062,0.638228572713894,-0.145875341051796,0.219759012606829,-0.335993266951156,-0.033445657651569,-0.347392707215408,-0.154945888509059,0.576923076923077,0.442307692307692,0.173076923076923,0.0384615384615385,0.557692307692308,0.192307692307692,0,0,0.153846153846154,0.0236533503501722,0.258465654451725,-0.0292698662265356,0.241779845273587,-0.0630618798500015,-0.0793957928863438,-0.041799162990141,0.162224757190066,-0.326273684047398,-0.0733097721481437,0.24223161817706,0.102299266143323,0.0371444006510127,0.125110234495085,-0.207610306395515,0.296300576382364,0.622983229433806,0.4065,0.61789,0.51163,0.43411,0.264,0.968,0.5641,0.58974,0.41429,0.6,0.33083,0.67669,0.50943,0.58491,0.32576,0.49242
"SelfPity",-1.13484489735796,-0.402361314608166,-1.0836209352457,-0.493962345861662,0.0335491265679651,-0.456692753407503,-0.108147341696003,-0.549619203312691,-0.667020529188902,0.503953914256183,-0.177902626231996,-0.914718857174071,-0.205584265702631,-0.674542175246473,-0.820845355241338,-1.05017135860753,0.538461538461538,0.653846153846154,0.269230769230769,0.0192307692307692,0.480769230769231,0.25,0,0,0.115384615384615,0.0817887399730216,-0.0953571407628398,-0.177648268355817,-0.43897928334046,-0.0275652674773005,-0.731572877373051,-0.134707885793623,0.176442478528413,-0.576371195933279,-0.236269090866007,-0.15176290443117,-0.619989081957048,-0.171786965135193,0.0504686122339783,-0.0768470999873572,0.400684077207668,0.170179145614747,0.3719,0.71074,0.26562,0.57812,0.12403,0.94574,0.84615,0.19658,0.097222,0.88194,0.25385,0.75385,0.23684,0.83333,0.38298,0.23404
"Seriousness",0.662464116781782,-0.470986343018736,0.127568222952114,0.635294959681075,0.119125304600881,0.40975417459936,0.077612939774418,0.44649509552324,0.550352095760082,0.395885142802583,0.6142379451135,0.416098644494796,0.411059829998926,0.555864952224746,0.192188039689001,0.0869494409381472,0.865384615384615,0.673076923076923,0.25,0.0192307692307692,0.423076923076923,0.230769230769231,0.0192307692307692,0,0.0192307692307692,0.309519496109664,0.288431014976714,0.118992903420218,0.666697852554519,-0.179057744225498,0.469243563390865,-0.137485989424018,0.294491942739285,0.215980982419325,-0.233098741083301,0.0427466127251899,0.43748198090183,0.515006413247325,0.205592834551233,-0.104712124067509,0.348888942139902,0.594092690880675,0.48361,0.59016,0.47015,0.47015,0.10236,0.93701,0.53846,0.46154,0.57639,0.45139,0.46154,0.57692,0.47321,0.74107,0.2406,0.63158
"Skepticism",-0.216052092908852,-0.143450642960514,-0.481760547426161,-1.08539632333925,0.396921820292245,-0.372062373225555,0.380810260110493,-0.172252735199854,-0.0089482324631486,0.569181386585687,-0.03913387023976,-0.460428475961012,0.0223867337215889,0.51027043731547,0.033812152309308,-0.508153371459639,0.730769230769231,0.788461538461538,0.288461538461538,0,0.346153846153846,0.153846153846154,0,0,0,-0.0724163016451751,0.23462777292417,0.0872350020820755,0.23479644014098,0.146993899947033,-0.212010761424514,-0.0599870825368417,-0.149484107923552,0.0201953345298119,-0.153565788048779,-0.023066860344372,0.537866606185915,-0.361616631437057,-0.260653324245624,-1.11750884258797,0.0359642109064727,0.116039582462539,0.55085,0.55932,0.4058,0.47826,0.074627,0.93284,0.31933,0.80672,0.34043,0.68085,0.33588,0.65649,0.52632,0.66667,0.19403,0.52985
"Sleepiness",-0.236241768893364,0.920478474670959,-0.73840707875115,0.230663000404051,-0.702094329863936,0.509902226540455,-0.00797017977475698,0.288357885164312,0.321711134281803,-1.40806116666849,-0.929657275036612,-0.0594564459304774,0.784431520831672,0.0501343642237946,-0.891370777812221,-0.593699068351357,0.865384615384615,0.653846153846154,0.365384615384615,0.115384615384615,0.846153846153846,0.269230769230769,0,0,0,0.332495435497564,-0.445691043135701,-0.705918499217869,-0.789496057316166,-0.116259296170545,-0.706334872615014,-0.735218295167747,-0.229669529195565,-0.348568564165563,-0.232634588245057,-0.695217485615026,-0.788908938222839,0.461074809040823,-0.260652653734311,-0.0949975103367623,-0.759315186012261,-0.798058789071467,0.14516,0.78226,0.1037,0.85185,0.80769,0.66923,0.44444,0.2735,0.21379,0.53103,0.8777,0.18705,0.22034,0.77966,0.27612,0.20149
"Stupor",-1.04229162453882,0.0365880043567087,-0.818958704829984,-0.683832819638179,-0.437629545310748,-0.253445732815392,-0.646546785790611,-1.54357522055864,-1.15798264937371,-0.484020854752126,-0.778673189019598,-1.08705546717686,0.0103678359272768,-0.244942876850946,-0.685010552911303,-0.916956947138336,0.711538461538462,0.442307692307692,0.269230769230769,0.134615384615385,0.634615384615385,0.423076923076923,0.0769230769230769,0.0384615384615385,0.0384615384615385,-0.0609953225927594,-0.444842000440203,-0.328538117925561,-0.872864456094177,-0.221223491927566,-0.755161281531414,-0.492362420275118,-0.477005718016331,-0.0609594957410739,-0.18192119238656,-0.772883818114188,-0.665605800047525,-0.506316582717087,-0.532946533907355,-0.317482424766457,-0.543248087874517,-0.748183056759445,0.25424,0.65254,0.19549,0.6391,0.41803,0.72951,0.50893,0.26786,0.098592,0.72535,0.53125,0.39062,0.28829,0.62162,0.16406,0.27344
"Subordination",-0.234682279784146,-0.414622265254513,-0.407772653586895,-0.0363622479392219,-0.206940616982415,0.150579110502736,-0.32909121875524,-0.127068646629169,-0.227007817398028,-0.269056268634382,0.307268438481148,-0.148741635245061,-0.310713494868285,0.335203226585853,0.20428800659545,-0.38705383913248,0.423076923076923,0.557692307692308,0.192307692307692,0.0192307692307692,0.634615384615385,0.192307692307692,0,0,0.134615384615385,0.362960732113653,0.0559514923326583,-0.161078907651627,-0.292544596477142,0.25366087353497,-0.00654061320151422,-0.245174139708535,0.259037524579468,-0.167819307995713,0.105762775172239,-0.168099768467457,-0.190776805191857,0.0409518917440861,-0.347009054671728,-0.248817631644928,0.191246276972683,0.0987764158677928,0.44715,0.45528,0.2093,0.54264,0.33043,0.71304,0.22124,0.47788,0.098592,0.73239,0.67176,0.34351,0.68571,0.33333,0.13281,0.46875
"Thought",0.806761360065181,0.07647120128874,0.728016756500833,0.282360094425913,0.359630110958329,-0.590238836646111,-0.216505561798734,0.68188987915277,0.946975348133594,0.532201982508223,0.597539468357524,0.4772604083047,-0.700478096837102,0.796692126008721,0.30841684711452,0.632518802482902,0.538461538461538,0.288461538461538,0.230769230769231,0.0192307692307692,0.288461538461538,0.230769230769231,0,0,0.288461538461538,-0.307919152732929,-0.224627822717031,-0.0693744693805876,0.690023549299987,-0.179339151149065,0.430653963769996,0.429892503945145,-0.00855817337233992,-0.0277084317668098,-0.210036374177923,0.440412017375813,0.848269382001477,0.164767784560155,0.358719847112034,0.397953294171275,-0.133095164177994,0.473730865681793,0.61667,0.50833,0.43284,0.45522,0.065041,0.97561,0.216,0.808,0.65972,0.25,0.54264,0.49612,0.35088,0.74561,0.25362,0.76812
"Trance",-0.663911686448123,0.112695812542284,-0.550129690209815,-0.5319508389687,-0.0844738032729687,-0.824427839004366,-0.708969394864576,-0.979133149373784,-1.20788745530192,0.280650355428206,-0.486693911467495,-0.315874760919514,-0.0405561316792478,-0.393776500809268,-0.652733105209348,-0.323330988608571,0.826923076923077,0.384615384615385,0.115384615384615,0.0769230769230769,0.615384615384615,0.326923076923077,0.0192307692307692,0,0.0192307692307692,-0.189124639160904,-0.357373357244195,-0.480748441907809,-0.686911284276569,-0.290202797357277,-0.597174960691583,-0.298596286071402,-0.794623135621991,-0.299682742999071,-0.0139967646395191,-0.465929417185782,-0.453457114888408,-0.499910977536965,-0.53601855098905,-0.0835865534363945,-0.745118728302806,-0.851161640252508,0.23529,0.71429,0.2093,0.67442,0.39844,0.90625,0.43307,0.23622,0.20423,0.42254,0.41221,0.51908,0.27434,0.71681,0.28571,0.23308
"Transcendence",-0.0234378144119342,-0.0015143784991803,0.41849392154068,-0.385853206606135,0.869587653466129,-0.832759382559418,-0.556929947657072,-1.14543358198856,-0.941400185741879,0.0984004443863416,-0.343184069910349,0.200471869348635,-1.1314952347916,-0.105808361844579,-0.124335166104585,0.519586450575786,0.288461538461538,0.230769230769231,0.0769230769230769,0.0192307692307692,0.230769230769231,0.173076923076923,0.0192307692307692,0,0.5,-0.475035108879437,-0.0353075827334063,-0.403438802053542,-0.525263190283016,-0.207314099307439,-0.191863340619065,0.190179664084814,-0.330115466180098,-0.208638944855145,0.199633867940789,0.195233449283666,0.254014840013548,-0.684767004396266,-0.569345983761267,0.0721167308816699,-0.348402387016068,-0.0504125916691867,0.2437,0.68908,0.4,0.38462,0.224,0.808,0.49138,0.41379,0.64336,0.13287,0.24427,0.68702,0.33621,0.62069,0.38519,0.40741
"Uneasiness",-0.636726578265483,0.355100646795375,-1.01687081855426,-1.230275421349,-0.102752218312498,-0.452067527622778,0.296380803016525,-0.338318288433759,-0.257223430358857,-0.283513716924053,-0.880047369206364,-0.466276898025275,0.184432160449478,-0.474282757087147,-0.506531759963423,-0.990349643725038,0.730769230769231,0.653846153846154,0.288461538461538,0.0576923076923077,0.769230769230769,0.192307692307692,0.0192307692307692,0,0.0192307692307692,-0.2952388650728,-0.343883169572478,-0.129828948376104,0.0992682613908254,-0.303001855225971,-0.520241784213047,-0.0875908846055986,-0.34806715417511,0.088510904336975,0.076673418910485,-0.251351615358395,-0.437449020984686,-0.397641139687412,-0.0232799051942119,-0.980979826366872,-0.333328728502138,-0.47606763872509,0.18644,0.83898,0.45926,0.5037,0.39837,0.92683,0.77778,0.2906,0.053333,0.89333,0.69531,0.33594,0.46018,0.80531,0.35659,0.26357
"Weariness",-0.546453791958046,0.396331605956808,-0.895292285045379,-0.330227893069172,-0.323751429634963,0.0699586664648907,-0.128571490643285,0.117257163703209,-0.132602313103423,-1.16991652885796,-0.941220319159931,-0.0513663531617762,0.265587880654646,-0.0638296227177059,-0.749477806081882,-0.838114265393204,0.711538461538462,0.692307692307692,0.269230769230769,0.115384615384615,0.807692307692308,0.288461538461538,0.0384615384615385,0.0192307692307692,0.0192307692307692,0.0153214843381067,-0.000270158266033846,-0.701848432469214,-0.0128846823117117,-0.0694826813003492,-0.557533224721263,-0.481011385256897,-0.0052221172144491,-0.637414392601461,0.196387571707691,-0.495875106508921,-0.554273842825281,0.211675709113402,-0.00839819813403157,-0.31644467176747,-0.571638431123012,-0.632988560215597,0.2,0.752,0.17188,0.78906,0.61111,0.78571,0.69919,0.34146,0.10959,0.82877,0.73485,0.30303,0.29204,0.72566,0.24812,0.2406
"Worry",-0.342477610580832,0.367770759356603,-1.08763467785926,-0.877026087717866,0.167387154219202,0.07959222518742,0.50049624580515,-0.00805805934545151,0.293027356328509,0.401608872388413,-0.757415567611634,-0.396396933276895,0.351690775888359,-0.620564279753069,-0.550852746601445,-1.03704059550431,0.903846153846154,0.826923076923077,0.326923076923077,0.0576923076923077,0.557692307692308,0.346153846153846,0,0,0.0192307692307692,-0.301795013132986,0.0914133769258964,0.164813642050655,0.253518030005764,0.00724875410162212,-0.14868078967587,-0.122466471253876,0.1649444740485,-0.12890344009595,0.219359634859221,-0.0460330668287781,-0.47691941750771,-0.0236989753233162,0.0838956095647616,-0.376562713838137,0.0441159743150569,-0.232450677653781,0.30159,0.81746,0.64662,0.3609,0.2377,0.96721,0.872,0.296,0.089041,0.93836,0.59091,0.48485,0.47368,0.70175,0.32836,0.29104
